cpu_temp_avg,cpu_temp_max,fallback_frames,frames,gpu_temp_avg,gpu_temp_max,gr3d_avg,gr3d_max,label,mean_active_ms,mean_crop_stage2_pre_ms,mean_read_ms,mean_roi_area_fraction,mean_stage1_infer_ms,mean_stage1_pre_ms,mean_stage1_score,mean_stage2_infer_ms,mode,p90_active_ms,p99_active_ms,ram_avg_mb,ram_max_mb,stage1_size,stage2_actual_size,stage2_requested_size,stage2_type_parse_included,strict_stage1_input_h,strict_stage1_input_w,vdd_in_avg_w,vdd_in_max_w,wall_fps,wall_sec
65.10189393939389,67.75,194,5878,64.49301515151512,67.062,79.31818181818181,89.0,800+416 sequential,13.034,1.41965,0.351106,0.0941383,6.14359,2.50697,0.813719,2.60991,cascade_stage1_location_stage2_type,13.5012,14.4463,3572.1666666666665,3593.0,800,416,400,,800,800,18.646242424242423,19.169,97.9007,60.0405
69.22972727272722,70.437,236,4702,68.58627272727269,69.812,81.83333333333333,90.0,1024+416 sequential,17.4662,1.48494,0.519213,0.0858133,8.59047,4.22062,0.805732,2.64798,cascade_stage1_location_stage2_type,18.0411,19.3403,3635.9242424242425,3656.0,1024,416,400,,1024,1024,20.410666666666668,20.932,78.2927,60.0567
66.87743939393935,70.093,192,6790,66.37981818181814,69.406,80.1969696969697,86.0,800+416 pipeline_parse,18.7904,1.38935,1.19572,0.0931882,7.38912,2.58491,0.820776,6.22813,cascade_stage1_stage2_pipeline_parallel,22.6863,24.3992,3565.409090909091,3583.0,800,416,400,True,,,20.814848484848483,21.53,113.095,60.0379
71.05315151515147,72.125,256,5254,70.46696969696967,71.687,83.4090909090909,92.0,1024+416 pipeline_parse,24.5323,1.46195,0.535956,0.0848508,9.91751,4.30056,0.806836,8.31292,cascade_stage1_stage2_pipeline_parallel,25.1593,27.361,3650.151515151515,3673.0,1024,416,400,True,,,22.31762121212121,22.889,87.5029,60.0437
